undum,child
mut,fire
gɑrɑs,sweet potato
limɔŋ,1st born girl
siŋɑsim,rat
pɑmɑbug,butterfly
binɑ,beetle
ʔoᵘmb,crab
ɑndu,snake
tuŋe,bird of prey
pɪŋgɔt,dragonfly
ʔulub,cassowary
ʔwɑndiriŋ,bluebird
tugɑ,lizard
ʔɔgɔt,pig
nɑgig,grub
ʔɔtu,worm
twɔ,grasshopper
ɛtɛmɛsil,snail
mɛndɛgi,cockatu
piŋ,frog
ʔɛnɛmbe ʔɛnɛ,crocodile
ulil,dog
pɑnum,kind of catapiller
pɔmbɔŋ,warm clothes
simɔŋ,rope
sɛlɛb,necklace
ʔɑngɑtom,seed necklace
wɑs ʔɔsɔ,upper clothes
wɔm ʔɔsɔ,lower clothes
ɔmɔŋgɔt ʔɔgu,hat
ʔɔt ʔɔgu,shoes
ɔβugum ʔɔŋ,wrist watch
ʔwɑnɪŋ,sun
iŋguŋ,cold place
ulu,pumpkin
isim,middle
isim,second
ʔɑbu,tobacco
ɛŋ,I
nɔŋ,you
ig,we
jɔg,you
wɔg,they
sɛβɛ,bench
ɑsɑm,above
ɑsɑm,night
lɔlɔm,next to
ibɑ,under
gɛne,far away
ɔβɔ,bag
ʔɔt,stick
ʔɔt,leg
ʔɔt,bone
tɔl,house
sɑndil,shelter
isig,old
ul,knife
ʔɛm,bow
ʔem,first born son
jem,arrow
ʔɛndiβ,bow string
tɑgul,palm tree
ʔɔme,yesterday/tomorrow
mɔgut,garden
ʔɔt pɛβɛ,back of the knee
ʔumum,head
ʔumum,brain
piliŋ,bladder
mɑndɑŋgus,Evisil village
iŋgis,Elilim village
ɔgumɑm,a Kokoma hamlet
pusilɑⁱ,Pusilai village
ɛβɛsil,Evisil village
kɔkɔmɑ,Kokoma village
ɛlilim,Elilim village
ʔɔmbɔmbuwɑ,Kombumbua village
mɛgilɔŋ,Magilon village
tɔrukum,Torokum village
mɛʔɛmɔŋ,work
bugumɑm bugumɔ,a Kokoma area
lɔgɔŋ ʔɔlo,Torokum area
ʔɔlɔmɔt ʔumum,ball
nim,tree
ligilɔg,green
ligilɔg,uncooked
sɑ,a cut piece of something
ʔuŋgumɔg,blue
peg,clear
peg,shining
ɛβiŋɑm,month
ɛβiŋɑm,moon
tund,glow bug
tund,star
ɑsɑmɔg,morning
lɔgɔm,red
urinɑm,darkness
pɛgeŋ,daytime
su,today
nisil,day before yesterday/2 days from now
pɛtige,sunrise
ʔowl,3 days before or after
pɛtɛgwo ɔgo,pre-dawn
kɔkrɔl,chicken
lɔβɔm,4 days before or after
ɔŋ,he/she
ʔɔŋ,a day
ʔɔŋ,time
tɔnɔm,5 days before or after
ʔɔlɔgul,strong
gorogɔt,6 days before or after
nɑndurum,a week from now or last week
siβ,rain
igugum,salamander
igugum,coal from the fire
wejɑ,light brown
ʔuβi ʔɔgu,clothes
ju,black
ʔɔŋɔt,clean
ʔɔŋɔt,white
ʔɔnɔm,teeth
mindɑmindɑ,possessions
wɔnɔŋg,wind
tɔro,jungle
mɔʔis,man
indɑ,father
inɑ,mother
ʔɛβigɔndɔ,small
tɛmɛ,woman
tɔmɔnd,grandmother
tɑtugum,grandfather
ɑgɑβi,big
ɑgɑβi,great grandparents
ʔɑŋgɑnɑŋ,"great, great grandparents"
ʔɑmbul,older sibling
mɔʔis meⁱ,unmarried man
tɛmɛ pɑlug,umarried woman
mɔm,breast
iguβɑsɑβɑs,type of ant
iguβɑsɑβɑs,ancestor
jɔbug,grass
jɔmbɔŋ,mud
jɔmbɔŋ tɑ,swamp
ɛŋiŋɔt,sharp
ɛŋiŋɔt,aggresive
mumul,dull
mɑlum,weak
nɔmɔl,water
ninimbul,dirty
igɔm,steep ground
uβuɛt,broken
sɑləmot,chipped
sindi jɑgɑjɑm,to see saw
nɔmɔl isug,to wash with water
ʔis,fruit
ʔis,substance
mɔtɔm,shoot
mɔtɔm,the tip of something
nɔbug,bird
pusilim,stone
sɔgwɑ,new
tɑ,short
ʔuligɔg,long
isɔg,full
umɑŋ,empty
ʔɛlelego,dry
sɔβɔt,wet
pinɔt,heavy
ʔɛligɔt,light
bili,good
jot,bad
nonot,hot
tutumul,cold
pjɑg,rotten
ʔɑlimo,fat
ʔot ʔis,skinny
ʔigɑbulo,serrated
wig,not
ʔojom,understanding
ʔɔβɔl,talk
sogul,enough
nogul,correct
ʔɔgu,skin
sɛgige,spider
ʔɔgwob,yellow
ogwɑb,lime
mɑgɔg,beetlenut
lɑgɑs,mustard seed
ʔosot,brown
iliŋ,fingers or toes
ɛβis,finger or toe nails
moʔul,joint
pi,length between joints
umi,bamboo
ɑβɑgɑm,front
ɑβɑgɑm,seat of emotions
mundil,back
tutum,end of something
musɔm,eye
mɛnde,middle part of something
ʔondol,side
sonol ʔɔt,hip
mɛsiso,belly
sisim,belly button
tɑgum bɛlɛg,chest
oβugum,arm
pɑlɛm ʔɔt,adam’s apple
ʔɛβigɛne,mouth
mɛl,tongue
mɛsipe,nose
ʔɑβɑndum,chin
mɛŋ,face
imi,hair
ʔulogum ʔɔt,tail bone
siligine,sweat
putul,rope used to tie roofing to purlins
ʔɑβɑnɛl,rope used to tie leaves to  roofing
tɑŋgɑŋgi,rafter
pɛlɛbɛl,purlin
ɑmɛl,hooked stick
ɑmɛl,ancestor axe
ʔjot,spear
joʔɑl,side armour
ʔɛlis,shield
mɛlɛgɛ,armour
sul,type of tree
musumoto,inner bamboo wall
nɑsim,mother
ulugeb,bamboo inside a roofing panel
ʔɑmɑŋgut,type of bamboo
simɔb,sago
muluŋ,center post
oŋgol,ridge beam
siβɛlig,machete
beⁱl,axe
ʔɔlɔt,torch
ʔɑmbugutum,hammer
tɑβil,bowl
ʔwɑm,cooking pot
pugum,fork
pugum,thorn
pugum,nail
ʔɑmbe ʔɔt,spoon
ɑlɛg,road
nim mɛnde,wood lying down
tɔrogɔt,fence
mɔmɔt,ditch
iβ,poo poo
ʔulɑg,stick in the groud
joŋo,stinging nettle
sɔg,leaf
turum,roots
munum,seed
ʔisu,flower
simbɑŋ,type of banana
mɑmɑl,banana flower
uβugɔl,hand of bananas
sɛl,branch
umɔg,seed
ʔus wog,branch of the banana
nim bɑrɛm,vertical garden divider
sɛpil,a type of weed
ɔmbul,two
ʔutɑm,one
sɔŋgɔm,corn
siŋɔl,meat
ʔjɑgɔm,reed
jɑgɑm,second born son
ilis,root
ʔus,banana
mɛnɑ,food
mɛnɑ,yam
ʔjɑm,sugar cane
ʔɑnɑndum,chayote shoot
pɑβɑsil,beans
mɛnɑ wɑŋ,greens (generic)
ɛse,pineapple
ɛse,pandanus fruit
ʔɔsoβiɑg,cucumber
ilis kimɑndɑŋ,type of red root
ilis wojɑ,white root
pɑβɑsil ʔɛne,peanut
mutɔl,mushroom
tɑs,root
ʔɑnɑgul,kind of yam
sɑlɑβ,tapioca
tɔmɔŋ,salt
ilɑm,greens
ʔɑtɑmɑrugum,knee
ʔɑtɑmɑrugum,red tomato seed thing
ɔm,this
ʔɔmbɔltɑ,fish
ɑnumboŋ,wild cat
uŋ,bee
ʔuŋ,louse
umuŋg,lizard
ɛgɛme tɔl,ground house
ɛlil,flame
sindiŋ,sparks
ʔoᵘg,smoke
ʔotugut,burned log
jomu,ashes
ʔwɑmiŋ,airborn ashes
nonol,burning airborn ashes
pɛsɛʔinɑŋ,type of tree
wogɛβɛ,house bearer
gɛsiβol,woven bamboo
sɑmbɑmbɑl,rope to hang fire wood
siβinɑg,broom
ɑsiŋ,hamlet of Torokum
porogɔm,ridge of Evesil
ʔɛm ɑβio,hamlet of Evesil
nɑlogɔŋ,hamlet of Evesil
sɛmɛlɑnɛg,hamlet of Evesil
mɛsil,cold infection
ʔɔmɔŋgɔt,head
nog,with
tuŋguruŋ,wall bottom plate
gɔrɔg,joist
pjɑm,ladder
ʔɔβogɔl ɑrɛg,door
jɛb ʔot,baton
toŋgone,side of house
ilɔl,pain
ʔɛs,blood
silib,urine
wɑⁱgɔm,sore
ɛtirig,sick
mɔndog,paper
pɪmbu,rope to hang cooking pot
sinde,inside
ineʔine,a small green bird
sisug,hide
sisug,leaf siding
mɑmɑgum,place birds wash
mɔndutu,small piece of something
omoŋ,breath
mɔndɔg,leaf
sili ʔɔt,reed
mɑndɑgɑs,type of leaf
mɑsɑgil,rubbish
mɔndu,piece of something
ɔtɔl,bile
ʔɔgɔt ɑβolom,female pig
ʔɔgɔt momule,male pig
mu,not
nomol ʔologul,alcoholic drink
ʔum,nothing
lumɛb,kind of tree
tɑrɑβɑg,thunder
miriʔi,lightning
ʔɑlogut,musical instrument
ɛnjɑs,light brown female pig
ugɛl,light brown male pig
ʔundum,black female pig
moro,black male pig
ɛlɛsil,black with stripes pig
ulumbi,red male pig
piβ ɛnɛ,spinning top
siŋom,cricket
wɑjɑp pɛrɛg,type of male bird of paradise
sɔp pɛrɛg,type of male bird of paradise
sɔŋgɔŋgulɔm,kind of rope
mɛsɑg,first
sogu tugub,afterwards
ʔologɑt,wild
tɑndenk,short
soŋo,bottle cap
sɑgu ʔis,last
pɑβɑgiŋ,cicada
iβogut,rope of the yam
mim,top of a yam
isɑ,bottom of something
ɛsigɛnɛŋg,right
wɛgigɛnɛŋg,left
sogu,younger brother
ɑnim,paternal uncle/aunt/nephew
ɑmbul,older brother
umɑnoβ,brother
ɑlɛm,type of tree
ɑβigeβ,underneath
jogomo,inside
gɛsiŋg gɛsi,bush rubber
jɔgɔβ,tip of a fishing spear
uβɑsim,bamboo handle of fishing spear
nim ogul,sapling
sogolom,type of yam
mutuŋɑm,swarm of insects
ologum,end or handle of something
tɛtɛle,in between
motoʔul,tip of something
tugɛl,sago basket
osum,closed
mɛsiŋ,type of bird
logonɛnk,straight
sisu,wrong
imɛngis,straight
mɑtɑt,bent
uliʔiŋ,decorative flower
dɛtɛŋg,it’s like that
ʔigituŋ,picture
ʔigituŋ,shadow
umɑm,a kind of bush rope
sɛsɛ,handle
num,egg
mosoge,kind of bird
nɑmul mɑtɑm,kind of plant shoot
ɑβ,place
sisum,centipede
oromɑŋ,join between sections
ninil,scale
ninil,flaky skin
ɔlu,fed up
ɛlɛg,bland
otol,bitter
olog,sweet
sɑŋol,noise
pɑgɑgiŋ,cicada
ɛgilog,rough
ɛgilog,spicy
ɛgɛnde,slow
ɛribi,fast
uβilot,smooth
uβilot,slippery
ombogum,nibbled part
soβorom,root
umbeumbe,root
ɑβɑtol,root
kimul,root
oro,quite
nonoŋ,mark
ɛgɛg,fast
wɑndɪŋ,knot
liβinog,strongly
ʔwɑm ɛsimo,frame to hang pot on
ombɑrɑŋgi,type of grasshopper
ulegi,sugarglider
guŋgɔt,bee
sese pɑŋɑlugɔ,hyve for single bee
segege pɑpɛl,spiderweb
mɛndɛgi igwɑm,big red ant
ɑgɑŋ,brown tree kangaroo
sisum ɔnɔm,scorpion
morumb,white tree kangaroo
sile,leech
ugume jɑgɑm,banana spider
ombe,crowned pigeon
ʔɛnɛmbe,big lizard
sindemuŋ,bat
sɔmbugol,hornbill
susugube,type of green grasshopper
sisi ɛnɛ,"generic name for insects? earwig, cockroach"
ogorume,praying mantis
ojɑβ pɛlɛg,type of bird of paradise
igendum,stag beetle
nɑgi ɔt,rhino beetle
pɑmɑbug ugum,moth
ɑmbumɑ,big wasp
benən,small bee?
tumul,type of rat
sisilem,type of rat
nɑmi,type of rat
soŋoβiɑ,type of rat
pɛβɛnog,type of rat
ologɑndomul,type of rat
ʔugɛsim,type of rat
ʔurumbiʔim,type of rat
nomomgoŋ,type of rat
tumondum,type of rat
sɔŋoβiɑ ʔɛne,type of rat
wɛsilɑg,type of rat
sɛsɛ,strong rope
wogolol,house bearer
oᵘ,long time ago
sɛnɛmbig,layer
ʔɑsiβe,drop trap
ɑβɑlom,outside post of a trap
momule,inner fence of a drop trap
wɑtoto,rope used to strengthen a structure
ɛnego,the bottom stick of a fence
wɛnjɑm,digging stick
wi,finished
sɛnjom,upright stick
pɑpɑlɑ,type of banana
ɑŋgɑmɑnd,type of banana
ɛrigɛt,type of banana
bɛŋg,type of banana
mɛnɑ ʔus,type of banana
bɑnoⁱ,type of banana
sugulɛbo,type of banana
bɑŋgoⁱ,type of banana
ɑliliβe,type of banana
dugɛli,type of banana
ʔulub,type of banana
mɛtɛmbe,type of banana
sinɑsinɑ,type of banana
kinɑ,type of banana
bɛŋg onot,type of banana
mɛndi,type of banana
pɑlug,type of banana
simbɑŋ ologom,type of banana
sindimuŋ,type of banana
sɑbu,type of banana
mosobɑgɑŋg,type of banana
simoŋ gɛnɛ,type of banana
ɛtɑre,type of banana
burunoŋg,type of banana
jɑβɑ,type of banana
mom,type of banana
pokɑ,type of banana
sɑgɑl,type of banana
ʔolombɑnd,type of banana
jolɑgɑm,type of banana
ɛgugɛg,type of banana
mɑβɑl,type of banana
sisijɑm,type of banana
oŋgule,type of banana
rɑboᵘl,type of banana
lilimo,type of banana
kone,type of banana
sigɑsig,land slide
jolu,cliff
ʔulum,flat area
tomogoŋ,valley
mɔgɔl,small valley
lolɔm,side of a mountain
ʔoβol,a not so steep hilly area
ʔoŋgoŋ,summit
ʔume,top of something
poloŋ,shallow climb
ilil,small climb
ʔɛb,mountain
nɛsoŋ,tight
pi,loop of rope
tumɛndum,sister
mo,friend of the same language
ʔomom,uncle (mother’s side)
wɑs,upper
wɔm,lower
wɑs lupigɔŋ,right side up
wɔm lupigɔŋ,upside down
piβigitu pigɔŋ,longside down
mɛŋgis pigɔŋ,shortside down
iminɔg,hairy
ɔmu,tulip
ɔmu,type of banana
ope,walking stick
pinɛpin,basket to dry things over fire
sinɛsinɛ,long basket for fishing
ɔŋgɔl,ridge beam
mɔsɔmɔtɔ,inside wall in house
twɔl umum,top of the roof
tuŋguluŋ,post on short side of the house that goes all the way up
jɔto,outside wall
ɑb sɑlɑgɑg,communal room
ɑb bugɔmɔ,room in house
twɔl mulum ogoto,crossbracing
wɔnɔŋ ɔbogondɑrɛg,window
nim sɑ,door
tumbig,room in house
ɔbɔgɔndɑrɛg tumbig,inside doorway
unge,younger brother
mugume,younger sister
iβilut,older sister
iβol,older brother
ɛmjɑβ,grandchild
nongombot,older male cousin
ɑβig,older aunt
pɑgum,mother in law
ɛliŋe ot,niece or nephew
munɑgum,sister
wɛsig,son in law
obugumɑm,sister in law
jogwɑŋ,brother in law
ɑmɑlɑŋɑm,sister in law
modogwɑ,people of the same language
tɛsime,younger
ɔgo,to
jɑti,long time
pɛtɑgwɑ,day time
wotoro,leave
mondutu,piece
se,now
ʔɛni,close
ge,can
dugɑ,friend
nɑmulum,seed
tumuŋ,hole
ɛgɛŋgo,OK
ɛge,now
sɑlɑmɑtɑ,type of tree
siŋgeriŋ,long lasting
nim ɔnɔm,slingshot
gumi,rubber
ʔɑmbɔl,eel
igɑgum,cat
ɑndu pɛlɛg,long snake
ɑndu ʔɔt,small snake
wɑjɑp ʔɔt,female bird of paradise
sɔp ʔɔt,female bird of paradise
tɑtɑgɑ ʔɔt,female bird of paradise
pulɑm,body tissue
pulɑm,ripe
pɛlɛg,"not yet ripe, green"
mɛgɛŋgiel,dry (past ripe stage)
mulilim,"tendons, blood vessels"
simogu ʔot,forehead
musom toʔu,eyebrow
musom ogu,eyelid
musom imi,eyelash
eβigɛne ogu,lips
ʔumɛ ʔot,neck
ʔumɛ susu,top of neck
mɛsipe ʔot,nose bone
mɛsipe pɛlɛg,nostril
ɑβɑndum ʔot,top of ear (cartalidge)
ɑβɑndum pɛlɛg,ear lobe
jogolom,penis
ɑβɑgɑnɑm imi,facial hair
ɑβɑs,armpit
oβugum ume,wrist
oβugum igom,forearm
oβugum mɛndɛ,upper arm
oβugum ɛnɛ,shoulder
oʔɛne,muscle between shoulder and neck (where you carry things)
omborogɑt tom ʔot,collar bone
mom ɛnɛ,breast
ənoβɑʔot,jaw
ɔsugunɔl,jawbone
ʔot ɑβɑgɑm,sole of foot
ʔot utum,heel (up to ankle)
ʔot musom,ankle
ʔot siβilom,shin
ʔot igom,shin
ʔot noᵘm,calf of leg
təgəmɑlum omol,kneecap
omune,kapiak
momuŋ,not ripe
sɑβɑlɑm,type of yam
olom,sand
dubulɑb,kind of tree
pu,side
mulilim,edge
pɛmbe,edge
oβɑβɑŋ,corner
obɔl,hole
tɑtɑʔɑl,overhang
nomol sosum,waterfall
nomol ɑβɑnɑŋgul,white water
nomol ʔɑ,drop pool
umo,body
mogɔl,crack
iŋgitɔm,wart
ʔɛsɛgɛne,kangaroo
mondomund,small intestine
begum,large intestine
ʔɛmɑŋɑnd,internal organ
nɔnɔl,burnt hair
not,belly
not,top of a ravine
ʔɔl ʔɛne,tail
ʔel,fat
pinimbiniŋ,fern species
ʔɔlomɔt,fern
sindi,swing
ʔogot,hidden
sigisig,short time
gɛlime,sorcerer
ungum,dirty water
ingum,wild banana
usogɔm,top  
ʔɑsisil,mosquito
nɔm,that
sɛsime,last
umbɑbi,type of bamboo
ʔul?ɔt,type of bamboo
ɔndɔŋ,pile to burn
mindɑ,possession
torɑp umuŋ,gecko
ɑnɑm umuŋ,common lizard (size of gecko)
ɛlil ʔem,black small lizard that lives under logs - very painful bite
oŋgond jɑgɑm,longer green lizard that lives in trees
igʔugum,longer lizard with very long tail
sɛgege,spider
pɑmɑβog,butterfly/moth
wəjɑβ ʔot,kumul - female
wəjɑβ pɛlɛg,kumul - male
ulil ɑβolom,dog - female
ulil momule,dog - male
pɪŋ pɛlɛg,frog - female
pɪŋ ʔot,frog - male
mɛndɛgi ɑβolom,koki - female
mɛndɛgi momule,koki - male
tuwo ogoromɛ,praying mantis
noᵘm,egg
ɑsɑm sɪŋol,kapul (biknem)
ɑsɑm sɪŋol ɑβolom,kapul - female
ɑsɑm sɪŋol momule,kapul - male
molumb,kapul - white spieces
eʔot,kapul - brown or white (lives in the trees)
mutuŋʔɑm,honey bee
ʔot turugum,flies (attracted to poop and dead animals)
mɛniβeβe,house fly (attracted to food)
ɛgɛme sɪŋol,"ol abus i raun long graunː (momot, sikau, rat)"
ɛlɛgɛl,momot
umbugut,sikau - Kokoma elevation
ɛsɛgɛne,sikau - Torukum and higher elevation
mogoje,sikau - lower elevation
sɔ pɛlɛg,Wilson's bird of paradise - male
sɔ ʔot,Wilson's bird of paradise - female
tətəgɑ ʔot,Wilson's bird of paradise - female
nɑgig ʔot,rhino beetle male
nɑgig pɛlɛg,rhino beetle female
nɑgig pɑpɛl,white grub (the kind Kaβaluku brought us to eat)
mesiŋgot,black beetle that lives under logs
wuŋ,black small wasp
wuŋ noᵘm,black wasp's larva/eggs
wuŋ nɑsim,black wasp mother
ilɑm ʔuŋ,small leaf of aibiki
otu,earthworm
ombugum,"worm that eats taro, sweet potato, tapiok, etc"
ombugum,worm that lives in ground
ombugum,edible worm that lives at the base of trees
sisi (ɛne),cockroach
tuwɑ,grasshopper
ɛnɛmbɛ,"lizard (skin used for kundu drums, has 2 tongues, sticks it's tongues in nostrils and can sleep in water)"
ɛnɛmbɛ ɛne,crocodile
ɑndu ʔot,small snake
oto ʔɑleŋ,"very poisonous brown snake (very aggressive, will jump and chase you)"
nɑβot siloŋ siloŋ,2m python (brown with a little white) some people eat this snake
nɑβot musiŋ,"2m python (black, will skin for kundu drum) some people eat this snake"
ule,3m python - edible
ɑmɛnd,green tree python - edible
noluwɑm,"white belly, black back - edible"
ɛnɪŋɔβo,cloud/mist
siβ munum,raindrop
ɑβɑnel,
ulugil,the bamboo pieces that the amaŋgu sog is wrapped around
ɑmbu ʔutum,tool for crushing saksak - sometimes used for the word 'hammer'
ɑmɛl bulul,stone ax (also the term for the head of the stone ax)
dodoŋɑl,specific plant that attaches itself to the side of trees
pugepuge,any type of roots/base that attache itself to the side of trees
ilil,side of mountain
oβol,
ɛβ,
ulum,valley
eŋel,mine
eneŋ,not yours (mine)
noŋol,yours
oŋol,his
unim,name
mɔtugɔl,beak
mɔβugɔl,wing
tɔmbɔndo,turtle
tɔbugɔl,shell
ɔŋguŋge,duck
ɑmbɛlilɔ,bent
ɔgɔrɔ,like
sigigɔg,patterned
ʔɛni ʔɛni,very close by
tɔnde,a little
ubi,"a lot, many"
igɔm,new
ʔɔt igɔm,shin bone
pe,hole
sɪŋgɛrɪŋgo,long time
isɔm,north
imɔm,south
jɔm,there
te,here
ɛmɔnd,kind of tree
ɛsegem,meeting
ɛnɛne,always
ʔɔl,sweet
ɔmbɔŋi,therefore
ɔlɔt,black ground bug
mɛmɛ,something
ɑlɑ,only
nɔmbo,this
ɛβɛginim,to hold
ɛβɛgeniŋ,to hold
ɛβɛgeriŋ,to hold
oβogorug,to hold
oβogolwɑ,to hold
oβogorond,to hold
ɛβɛgere,to hold
ɑβɑgɑlɑs,to hold
ɑβɑgɑgɑm,to hold
oβogogɔŋ,to hold
ɑβɑgɑgɑ,to hold
ɑβɑgɑŋg,to hold
ɑβɑgɑgɑmɑ,to hold
ɑβɑgɑgɑnd,to hold
oβogolɔm,to hold
oβogolɔŋ,to hold
oβogolɔt,to hold
oβogolomuŋg,to hold
oβogolomwɑ,to hold
oβogolɛmind,to hold
osuguluminim,to revive a fire
osuguluminiŋ,to revive a fire
osugulumiŋ,to revive a fire
osugulumug,to revive a fire
osuguluwɑ,to revive a fire
osugulumis,to revive a fire
osugulume,to revive a fire
osugulumɑs,to revive a fire
osugulugum,to revive a fire
osugulugɔŋ,to revive a fire
osuguluge,to revive a fire
osugulumuŋg,to revive a fire
osugulugumɑ,to revive a fire
osugulugund,to revive a fire
osugulumum,to revive a fire
osugulumuŋ,to revive a fire
osugulumut,to revive a fire
osugulumomuŋg,to revive a fire
osugulumomwɑ,to revive a fire
osugulumɛmind,to revive a fire
ninim,to drink/eat
niniŋ,to drink/eat
niŋ,to drink/eat
nug,to drink/eat
nwɑ,to drink/eat
nis,to drink/eat
ni,to drink/eat
njɑs,to drink/eat
noŋgɔm,to drink/eat
noŋgɔŋ,to drink/eat
neŋge,to drink/eat
nomɔŋg,to drink/eat
nɑŋgɑmɑ,to drink/eat
noŋgɔnd,to drink/eat
nomɔm,to drink/eat
nomɔŋ,to drink/eat
nomɔt,to drink/eat
nomomuŋg,to drink/eat
nomomwɑ,to drink/eat
nɛmɛmind,to drink/eat
lɑmbiginim,to smoke
lɑmbiginiŋ,to smoke
lɑmbigiŋ,to smoke
lɑmbigug,to smoke
lɑmbigwɑ,to smoke
lɑmbigis,to smoke
lɑmbigu,to smoke
lɑmbigɑs,to smoke
lɑmbigɔm,to smoke
lɑmbigɔŋ,to smoke
lɑmbige,to smoke
lɑmbigɔŋg,to smoke
lɑmbigimɑ,to smoke
lɑmbigɔnd,to smoke
lɑmbigɔm,to smoke
lɑmbigɔŋ,to smoke
lɑmbigɔt,to smoke
lɑmbigomuŋg,to smoke
lɑmbigomwɑ,to smoke
lɑmbigɛmind,to smoke
ɛtinim,to cook
ɛtɛniŋ,to cook
ɛtiŋ,to cook
ɔtug,to cook
ɑtɑ,to cook
ɛtis,to cook
ɛtɛ,to cook
ɑtɑs,to cook
ɔtogɔm,to cook
ɔtogɔŋ,to cook
ɛtɛge,to cook
ɔtɔŋg,to cook
ɑtɑgɑmɑ,to cook
ɔtogɔnd,to cook
ɔtɔm,to cook
ɔtɔŋ,to cook
ɔtɔt,to cook
ɔtomuŋg,to cook
ɔtomwɑ,to cook
ɛtɛmind,to cook
ʔipundunim,to cut (grass)
ʔipundiniŋ,to cut (grass)
ʔipundiŋ,to cut (grass)
ʔipundug,to cut (grass)
ʔipundwɑ,to cut (grass)
ʔipundis,to cut (grass)
ʔipunde,to cut (grass)
ʔipundɑs,to cut (grass)
ʔipundugum,to cut (grass)
ʔipundugɔŋ,to cut (grass)
ʔipunduge,to cut (grass)
ʔipunduŋg,to cut (grass)
ʔipundugumɑ,to cut (grass)
ʔipundugund,to cut (grass)
ʔipundum,to cut (grass)
ʔipunduŋ,to cut (grass)
ʔipundut,to cut (grass)
ʔipundumuŋg,to cut (grass)
ʔipundumwɑ,to cut (grass)
ʔipundumind,to cut (grass)
ʔɑluminim,to clean/remove
ʔɑluminiŋ,to clean/remove
ʔɑlumiŋ,to clean/remove
ʔɑlumug,to clean/remove
ʔɑluwɑ,to clean/remove
ʔɑlumis,to clean/remove
ʔɑlume,to clean/remove
ʔɑlumɑs,to clean/remove
ʔɑlugum,to clean/remove
ʔɑlugɔŋ,to clean/remove
ʔɑluge,to clean/remove
ʔɑlumuŋg,to clean/remove
ʔɑlugumɑ,to clean/remove
ʔɑlugund,to clean/remove
ʔɑlumum,to clean/remove
ʔɑlumuŋ,to clean/remove
ʔɑlumut,to clean/remove
ʔɑlumomuŋg,to clean/remove
ʔɑlumomwɑ,to clean/remove
ʔɑlumɛmind,to clean/remove
ʔɑnɑtinim,to scrape
ʔɑnɑtiniŋ ig,to scrape
ʔɑnɑtiŋ,to scrape
ʔɑnɑtug,to scrape
ʔɑnɑtowɑ ig,to scrape
ʔɑnɑtis,to scrape
ʔɑnɑte,to scrape
ʔɑnɑtɑs,to scrape
ʔɑnɑtogɔm,to scrape
ʔɑnɑtogɔŋ,to scrape
ʔɑnɑtege,to scrape
ʔɑnɑtɔŋg,to scrape
ʔɑnɑtɑgɑmɑ,to scrape
ʔɑnɑtogɔnd,to scrape
ʔɑnɑtɔm,to scrape
ʔɑnɑtɔŋ,to scrape
ʔɑnɑtɔt,to scrape
ʔɑnɑtomuŋg,to scrape
ʔɑnɑtomwɑ,to scrape
ʔɑnɑtɛmind,to scrape
sɑlɑʔɑnim,to chip/shave
sɑlɑʔɑniŋ ig,to chip/shave
sɑlɑʔɑⁱŋ,to chip/shave
sɑlɑʔɑᵘg,to chip/shave
sɑlɑʔɑgwɑ ig,to chip/shave
sɑlɑʔɑes,to chip/shave
sɑlɑʔɑᵘ,to chip/shave
sɑlɑʔɑgwɑs,to chip/shave
sɑlɑʔɑgɔm,to chip/shave
sɑlɑʔɑgɔŋ,to chip/shave
sɑlɑʔɑge,to chip/shave
sɑlɑʔɑgɔŋg,to chip/shave
sɑlɑʔɑgɑmɑ,to chip/shave
sɑlɑʔɑgɔnd,to chip/shave
sɑlɑʔɑᵉm,to chip/shave
sɑlɑʔɑᵉŋ,to chip/shave
sɑlɑʔɑᵉt,to chip/shave
sɑlɑʔɑmuŋg,to chip/shave
sɑlɑʔɑᵘmwɑ,to chip/shave
sɑlɑʔɑᵋmind,to chip/shave
ilinim,to go up
iliniŋ ig,to go up
iliŋ,to go up
ilug,to go up
ilwɑ ig,to go up
ilis,to go up
ilu,to go up
ilwɑs,to go up
iligɔm,to go up
iligɔŋ,to go up
ilige,to go up
ilɔŋg,to go up
iligimɑ,to go up
iligɔnd,to go up
ilɑm,to go up
ilɑŋ,to go up
ilɑt,to go up
ilɑmuŋg,to go up
ilɑmwɑ,to go up
ilɑmind,to go up
jɑnim,to go down
jɑniŋ,to go down
jɑŋ,to go down
jug,to go down
jogwɑ,to go down
jis,to go down
ju,to go down
jogwɑs,to go down
jɑgɑm,to go down
jɑgɔŋ,to go down
jɑgɑ,to go down
jɑŋg,to go down
jɑgɑmɑ,to go down
jɑgɑnd,to go down
jɑm,to go down
jɑŋ,to go down
jɑt,to go down
jɑmuŋg,to go down
jɑmwɑ,to go down
jɑmind,to go down
tolumum,to cover
tolumuŋ,to cover
tolumɔt,to cover
tolumomuŋg,to cover
tolumomwɑ,to cover
tolumɛmind,to cover
tolugum,to cover
tolugɔŋ,to cover
toluge,to cover
tolumuŋg,to cover
tolugumɑ,to cover
tolugund,to cover
toluminim,to cover
tolume,to cover
tolumiŋ,to cover
tolumug,to cover
tolumwɑ,to cover
tolumis,to cover
uβum,to plant
uβuŋ,to plant
uβut,to plant
uβumuŋg,to plant
uβumwɑ,to plant
uβumind,to plant
uβugum,to plant
uβugɔŋ,to plant
uβuge,to plant
uβuŋg,to plant
uβugumɑ,to plant
uβugund,to plant
uβinim,to plant
uβe,to plant
uβiŋ,to plant
uβug,to plant
uβɑs,to plant
uβis,to plant
migimɔm,to hear
migimɔŋ,to hear
migimɔt,to hear
migimomuŋg,to hear
migimomwɑ,to hear
migimɛmind,to hear
migiŋgɔm,to hear
migiŋgɔŋ,to hear
migiŋge,to hear
migimɔŋg,to hear
migiŋgimɑ,to hear
migiŋgɔnd,to hear
migiminim,to hear
migime,to hear
migimiŋ,to hear
migimug,to hear
migimɑs,to hear
migimis,to hear
wɔndɔm,to hit or dig
wɔndɔŋ,to hit or dig
wɔndɔt,to hit or dig
wɔndomuŋg,to hit or dig
wɔondomwɑ,to hit or dig
wɔndɛmind,to hit or dig
wɔndogɔm,to hit or dig
wɔndogɔŋ,to hit or dig
wɔndige,to hit or dig
wɔndɔŋg,to hit or dig
wɔndɑgɑmɑ,to hit or dig
wɔndogɔnd,to hit or dig
wɛndinim,to hit or dig
wɛnde,to hit or dig
wɛndɪŋ,to hit or dig
wɛndug,to hit or dig
wɛndɑs,to hit or dig
wɛndis,to hit or dig
tɔlɔm,to throw
tɔlɔŋ,to throw
tɔlɔt,to throw
tɔlomuŋg,to throw
tɔlomwɑ,to throw
tɛlɛmind,to throw
tɑgɑm,to throw
tɑgɔŋ,to throw
tɑgɑ,to throw
tɑŋg,to throw
tɑgɑmɑ,to throw
tɑgɑnd,to throw
tɛnim,to throw
tɛle,to throw
tɑŋ,to throw
tɔlug,to throw
tɔlɑs,to throw
tɛlis,to throw
ʔiβɑβigɔm,to turn (something)
ʔiβɑβigɔŋ,to turn (something)
ʔiβɑβigɔt,to turn (something)
ʔiβɑβigomuŋg,to turn (something)
ʔiβɑβigomwɑ,to turn (something)
ʔiβɑβigɛmind,to turn (something)
ʔiβɑβigɔm,to turn (something)
ʔiβɑβigɔŋ,to turn (something)
ʔiβɑβige,to turn (something)
ʔiβɑβigɔŋg,to turn (something)
ʔiβɑβigumɑ,to turn (something)
ʔiβɑβigɔnd,to turn (something)
ʔiβɑβiginim,to turn (something)
ʔiβɑβi,to turn (something)
ʔiβɑβigiŋ,to turn (something)
ʔiβɑβigug,to turn (something)
ʔiβɑβigɑs,to turn (something)
ʔiβɑβigis,to turn (something)
sɑlumum,to cut up and serve
sɑlumuŋ,to cut up and serve
sɑlumɔt,to cut up and serve
sɑlumomuŋg,to cut up and serve
sɑlumomwɑ,to cut up and serve
sɑlumɛmind,to cut up and serve
sɑlugum,to cut up and serve
sɑlugɔŋ,to cut up and serve
sɑluge,to cut up and serve
sɑlumuŋg,to cut up and serve
sɑlugumɑ,to cut up and serve
sɑlugund,to cut up and serve
sɑluminim,to cut up and serve
sɑlume,to cut up and serve
sɑlumiŋ,to cut up and serve
sɑlumug,to cut up and serve
sɑlumɑs,to cut up and serve
sɑlumis,to cut up and serve
ɑgɑmɔm,to be
ɑgɑmɔŋ,to be
ɑgɑmɔt,to be
ɑgɑmomuŋg,to be
ɑgɑmomwɑ,to be
ɑgɑmɛmind,to be
igugum,to be
igɔŋ,to be
igu,to be
iguŋg,to be
igugumɑ,to be
igugund,to be
isinim,to be
isiŋiŋ,to be
igisiŋ,to be
igitug,to be
igitwɑ,to be
igisis,to be
pigɔm,to put
pigɔŋ,to put
pigɔt,to put
pigomuŋg,to put
pigomwɑ,to put
pigɛmind,to put
pigɔm,to put
pigɔŋ,to put
pige,to put
pigɔŋg,to put
pigimɑ,to put
pigɔnd,to put
piginim,to put
pigu,to put
pigiŋ,to put
pigug,to put
pigɑs,to put
pigis,to put
piginiŋ ig,to put
pigwɑ ig,to put
ɔβɔm,to get
ɔβɔŋ,to get
ɔβɔt,to get
ɔβomuŋg,to get
ɔβomwɑ,to get
ɔβɛmind,to get
ɔβogɔm,to get
ɔβogɔŋ,to get
ɛβige,to get
ɔβɔŋg,to get
ɔβogɑmɑ,to get
ɔβogɔnd,to get
ɛβinim,to get
ɛβɛ,to get
ɛβiŋ,to get
ɔβug,to get
ɑβɑs,to get
ɛβis,to get
ɛbɛniŋ ig,to get
ɑβwɑ ig,to get
ʔɑm,to see
ʔɑŋ,to see
ʔɑt,to see
ʔɑmuŋg,to see
ʔɑmwɑ,to see
ʔɑmind,to see
ʔɔgɔm,to see
ʔɔgɔŋ,to see
ʔɛge,to see
ʔɔŋg,to see
ʔɑgɑmɑ,to see
ʔɔgɔnd,to see
ʔɛnim,to see
ʔeⁱ,to see
ʔɛŋ,to see
ʔog,to see
ʔeɑs,to see
ʔes,to see
ʔɛniŋ ig,to see
ʔejo ig,to see
ɛm,to make (a bench)
ɛŋ,to make (a bench)
ɛt,to make (a bench)
ɑmuŋg,to make (a bench)
ɑmwɑ,to make (a bench)
ɛmind,to make (a bench)
ɛgɔm,to make (a bench)
ɔgɔŋ,to make (a bench)
ɛge,to make (a bench)
ɛŋg,to make (a bench)
ɛgɑmɑ,to make (a bench)
ɛgɔnd,to make (a bench)
ɛnim,to make (a bench)
oᵘ,to make (a bench)
ɛŋ,to make (a bench)
og,to make (a bench)
ɛgwɑs,to make (a bench)
ɛⁱs,to make (a bench)
ɔβɔβ,to get
jɑβ,to go down
sɑluβ,to cut up and serve
ogoβoroβ,to hold
ipɑŋɑβ,to cut open
ʔɛβ,to see
moloβ,to rest
liβɔm,to come up
liβɔŋ,to come up
liβɔt,to come up
liβomuŋg,to come up
liβomwɑ,to come up
liβɛmind,to come up
liβigɔm,to come up
liβigɔŋ,to come up
liβige,to come up
liβɔŋg,to come up
liβigimɑ,to come up
liβigɔnd,to come up
liβinim,to come up
liβe,to come up
liβiŋ,to come up
liβug,to come up
liβɑs,to come up
liβis,to come up
liβ,to come up
liβiniŋ ig,to come up
liβiwɑ ig,to come up
sɑŋɑtɔm,to sharpen a stick
sɑŋɑtɔŋ,to sharpen a stick
sɑŋɑtɔt,to sharpen a stick
sɑŋɑtomuŋg,to sharpen a stick
sɑŋɑtomwɑ,to sharpen a stick
sɑŋɑtɛmind,to sharpen a stick
sɑŋɑtigɔm,to sharpen a stick
sɑŋɑtigɔŋ,to sharpen a stick
sɑŋɑtige,to sharpen a stick
sɑŋɑtɔŋg,to sharpen a stick
sɑŋɑtɑgɑmɑ,to sharpen a stick
sɑŋɑtɑgɔnd,to sharpen a stick
sɑŋɑtinim,to sharpen a stick
sɑŋɑte,to sharpen a stick
sɑŋɑtiŋ,to sharpen a stick
sɑŋɑtug,to sharpen a stick
sɑŋɑtɑs,to sharpen a stick
sɑŋɑtis,to sharpen a stick
sɑŋɑtoβ,to sharpen a stick
sɑŋɑtiniŋ ig,to sharpen a stick
sɑŋɑtwɑ ig,to sharpen a stick
ɑmɔm,to talk
ɑmɔŋ,to talk
ɑmɔt,to talk
ɑmomuŋg,to talk
ɑmomwɑ,to talk
ɑmɛmind,to talk
ɑŋgɔm,to talk
ɑŋgɔŋ,to talk
ɑŋge,to talk
ɑmɔŋg,to talk
ɑŋgɔmɑ,to talk
ɑŋgɔnd,to talk
ɑminim,to talk
ɑme,to talk
ɑmiŋ,to talk
ɑmug,to talk
ɑmɑs,to talk
ɑmis,to talk
ɑminiŋ ig,to talk
ɑmwɑ ig,to talk
ɑmβ,to talk
loβɔm,to come down
loβɔŋ,to come down
loβɔt,to come down
loβomuŋg,to come down
loβomwɑ,to come down
lɛβɛmind,to come down
loβogɔm,to come down
loβogɔŋ,to come down
lɛβɛge,to come down
loβɔŋg,to come down
loβogɔmɑ,to come down
loβogɔnd,to come down
lɛβinim,to come down
lɛβe,to come down
lɛβiŋ,to come down
loβug,to come down
lɑβɑs,to come down
lɛβis,to come down
lɛβɛniŋ ig,to come down
lɛβwɑ ig,to come down
loβ,to come down
tɛβinim,to come from the side
tɛβɛ,to come from the side
tɛβiŋ,to come from the side
tɔβug,to come from the side
tɔβɑs,to come from the side
tɛβis,to come from the side
tɔβogɔm,to come from the side
tɔβogɔŋ,to come from the side
tɛβige,to come from the side
tɔβɔŋg,to come from the side
tɔβogɔmɑ,to come from the side
tɔβogɔnd,to come from the side
tɔβɔm,to come from the side
tɔβɔŋ,to come from the side
tɔβɔt,to come from the side
tɔβomuŋg,to come from the side
tɔβomwɑ,to come from the side
tɛβɛmind,to come from the side
tɛβiniŋ ig,to come from the side
tɛβwɑ ig,to come from the side
tɛβ,to come from the side
mɑŋɑtɔm,to remove skin/bark
mɑŋɑtɔŋ,to remove skin/bark
mɑŋɑtɔt,to remove skin/bark
mɑŋɑtomuŋg,to remove skin/bark
mɑŋɑtomwɑ,to remove skin/bark
mɑŋɑtɛmind,to remove skin/bark
mɑŋɑtogɔm,to remove skin/bark
mɑŋɑtogɔŋ,to remove skin/bark
mɑŋɑtoge,to remove skin/bark
mɑŋɑtɔŋg,to remove skin/bark
mɑŋɑtogɔmɑ,to remove skin/bark
mɑŋɑtogɔnd,to remove skin/bark
mɑŋɑtinim,to remove skin/bark
mɑŋɑte,to remove skin/bark
mɑŋɑtiŋ,to remove skin/bark
mɑŋɑtug,to remove skin/bark
mɑŋɑtɑs,to remove skin/bark
mɑŋɑtis,to remove skin/bark
mɑŋɑtiniŋ ig,to remove skin/bark
mɑŋɑtowɑ ig,to remove skin/bark
mɑŋɑtɑβ,to remove skin/bark
mɑŋɑβigɔm,to remove
mɑŋɑβigɔŋ,to remove
mɑŋɑβigɔt,to remove
mɑŋɑβigomuŋg,to remove
mɑŋɑβigomwɑ,to remove
mɑŋɑβigɛmind,to remove
mɑŋɑβigɔm,to remove
mɑŋɑβigɔŋ,to remove
mɑŋɑβige,to remove
mɑŋɑβigɔŋg,to remove
mɑŋɑβigimɑ,to remove
mɑŋɑβigɔnd,to remove
mɑŋɑβiginim,to remove
mɑŋɑβige,to remove
mɑŋɑβigiŋ,to remove
mɑŋɑβigug,to remove
mɑŋɑβigɑs,to remove
mɑŋɑβigis,to remove
mɑŋɑβiginiŋ ig,to remove
mɑŋɑβigwɑ ig,to remove
mɑŋɑβ,to remove
lumum,to tie up
lumuŋ,to tie up
lumut,to tie up
lumomuŋg,to tie up
lumomwɑ,to tie up
lumɛmind,to tie up
lugum,to tie up
lugoŋg,to tie up
luge,to tie up
luguŋg,to tie up
lugumɑ,to tie up
lugund,to tie up
luminim,to tie up
lume,to tie up
lumiŋ,to tie up
lumug,to tie up
lumɑs,to tie up
lumis,to tie up
luminiŋg ig,to tie up
luwɑ ig,to tie up
luβ,to tie up
ɑŋgimɔm,to wrap up
ɑŋgimɔŋ,to wrap up
ɑŋgimɔt,to wrap up
ɑŋgimomuŋg,to wrap up
ɑŋgimomwɑ,to wrap up
ɑŋgimɛmind,to wrap up
ɑŋgiŋgɔm,to wrap up
ɑŋgiŋgɔŋ,to wrap up
ɑŋgiŋge,to wrap up
ɑŋgimɔŋg,to wrap up
ɑŋgiŋgimɑ,to wrap up
ɑŋgiŋgɔnd,to wrap up
ɑŋgiminim,to wrap up
ɑŋgime,to wrap up
ɑŋgimiŋ,to wrap up
ɑŋgimug,to wrap up
ɑŋgimɑs,to wrap up
ɑŋgimis,to wrap up
ɑŋgiminiŋ ig,to wrap up
ɑŋgimwɑ ig,to wrap up
ɑŋgiβ,to wrap up
mɔgɔm,to shove in bamboo
mɔgɔŋ,to shove in bamboo
mɔgɔt,to shove in bamboo
mɔgomuŋg,to shove in bamboo
mɔgomwɑ,to shove in bamboo
mɔgomind,to shove in bamboo
mɔgogɔm,to shove in bamboo
mɔgogɔŋ,to shove in bamboo
mɔgoge,to shove in bamboo
mɔgɔŋg,to shove in bamboo
mɔgogɔmɑ,to shove in bamboo
mɔgogɔnd,to shove in bamboo
mɔgonim,to shove in bamboo
mɔgu,to shove in bamboo
mɔgiŋ,to shove in bamboo
mɔgug,to shove in bamboo
mɔgogɑs,to shove in bamboo
mɔgis,to shove in bamboo
mɔgoniŋ ig,to shove in bamboo
mɔgowɑ ig,to shove in bamboo
mɔgɔβ,to shove in bamboo
piβugulɔm,to wash with water
piβugulɔŋ,to wash with water
piβugulɔt,to wash with water
piβugulomuŋg,to wash with water
piβugulomwɑ,to wash with water
piβugulɛmind,to wash with water
piβugugɑm,to wash with water
piβugugɔŋ,to wash with water
piβugugɑ,to wash with water
piβugɑŋg,to wash with water
piβugugumɑ,to wash with water
piβugugɑnd,to wash with water
piβugɛnim,to wash with water
piβugule,to wash with water
piβugɑŋ,to wash with water
piβugolug,to wash with water
piβugulɑs,to wash with water
piβugɛlis,to wash with water
piβugɛniŋ ig,to wash with water
piβugulwɑ ig,to wash with water
piβuguβ,to wash with water
ʔigɔm,to cut
ʔigɔŋ,to cut
ʔigɔt,to cut
ʔigomuŋg,to cut
ʔigomwɑ,to cut
ʔigɛmind,to cut
ʔigɔm,to cut
ʔigɔŋ,to cut
ʔige,to cut
ʔigong,to cut
ʔigimɑ,to cut
ʔigɔnd,to cut
ʔiginim,to cut
ʔige,to cut
ʔigiŋ,to cut
ʔigug,to cut
ʔigɑs,to cut
ʔigis,to cut
ʔiginiŋ ig,to cut
ʔigwɑ ig,to cut
ʔigɛβ,to cut
pugumum,to sit
pugumuŋ,to sit
pugumut,to sit
ulomomuŋg,to sit
ulomomwɑ,to sit
ulomɛmind,to sit
pugugum,to sit
pugugɔŋ,to sit
puguge,to sit
ulomɔŋg,to sit
ulomgɑmɑ,to sit
ulomgɔnd,to sit
puguminim,to sit
pugume,to sit
pugumiŋ,to sit
ulomug,to sit
ulomɑs,to sit
ulomis,to sit
puguminiŋg ig,to sit
ulowɑ ig,to sit
ulomβ,to sit
puguβ,to sit
inɔm,to lie down
inɔŋ,to lie down
inɔt,to lie down
inomuŋg,to lie down
inomwɑ,to lie down
inɛmind,to lie down
iningɔm,to lie down
iningɔŋ,to lie down
ininge,to lie down
inɔŋg,to lie down
iningimɑ,to lie down
iningɔnd,to lie down
ininim,to lie down
ine,to lie down
iniŋ,to lie down
inug,to lie down
inɑs,to lie down
inis,to lie down
ininiŋ ig,to lie down
iniwɑ ig,to lie down
nɔlɔm,to work
nɔlɔŋ,to work
nɔlɔt,to work
nɔlomuŋg,to work
nɔlomwɑ,to work
nolɛmind,to work
nɑgɑm,to work
nɑgɔŋ,to work
nɑgɑ,to work
nɑŋg,to work
nɑgɑmɑ,to work
nɑgɑnd,to work
nɛnim,to work
nɛle,to work
nɑŋ,to work
nɔlug,to work
nɑlɑs,to work
nɛlis,to work
ʔɛβigɔm,to break a piece off
ʔɛβigɔŋ,to break a piece off
ʔɛβigɔt,to break a piece off
ʔɛβigomuŋg,to break a piece off
ʔɛβigɔmɑ,to break a piece off
ʔɛβigɛmind,to break a piece off
ʔɛβigɔm,to break a piece off
ʔɛβigɔŋ,to break a piece off
ʔɛβige,to break a piece off
ʔɛβigɔŋg,to break a piece off
ʔɛβigimɑ,to break a piece off
ʔɛβigɔnd,to break a piece off
ʔɛβiginim,to break a piece off
ʔɛβigu,to break a piece off
ʔɛβigiŋ,to break a piece off
ʔɛβigug,to break a piece off
ʔɛβigwɑs,to break a piece off
ʔɛβigis,to break a piece off
ʔɛβiginiŋ ig,to break a piece off
ʔɛβigwɑ ig,to break a piece off
ʔɛβigɛβ,to break a piece off
dugulɔm,to lie something down
dugulɔŋ,to lie something down
dugulɔt,to lie something down
dugulomuŋg,to lie something down
dugulomwɑ,to lie something down
dugulɛmind,to lie something down
dugugɑm,to lie something down
dugugɔŋ,to lie something down
dugugɑ,to lie something down
dugɑŋg,to lie something down
dugugɑmɑ,to lie something down
dugugɑnd,to lie something down
dugɛnim,to lie something down
dugule,to lie something down
dugɑŋ,to lie something down
dugolug,to lie something down
dugolɑs,to lie something down
dugɛlis,to lie something down
dugɛniŋ ig,to lie something down
dugulwɑ ig,to lie something down
wɔlɔm,to shoot / to sing
wɔlɔŋ,to shoot / to sing
wɔlɔt,to shoot / to sing
wɔlomuŋg,to shoot / to sing
wɔlomwɑ,to shoot / to sing
wɔlɛmind,to shoot / to sing
wɑgɑm,to shoot / to sing
wɑgɔŋ,to shoot / to sing
wɑgɑ,to shoot / to sing
wɑŋg,to shoot / to sing
wɑgɑmɑ,to shoot / to sing
wɑgɑnd,to shoot / to sing
wɛnim,to shoot / to sing
wɛle,to shoot / to sing
wɑŋ,to shoot / to sing
wɔlug,to shoot / to sing
wɑlɑs,to shoot / to sing
wɛlis,to shoot / to sing
wɛniŋ ig,to shoot / to sing
wɛlwɑ ig,to shoot / to sing
wɔlɔβ,to shoot / to sing
sɑliβɔm,to get up
sɑliβɔŋ,to get up
sɑliβɔt,to get up
sɑliβomuŋg,to get up
sɑliβomwɑ,to get up
sɑliβɛmind,to get up
sɑliβigɔm,to get up
sɑliβigɔŋ,to get up
sɑliβige,to get up
sɑliβɔŋg,to get up
sɑliβigimɑ,to get up
sɑliβigɔnd,to get up
sɑliβinim,to get up
sɑliβe,to get up
sɑliβiŋ,to get up
sɑliβug,to get up
sɑliβɑs,to get up
sɑliβis,to get up
sɑliβiniŋ ig,to get up
sɑliβiwɑ ig,to get up
sɑliβ,to get up
togwɑm,to carry on shoulder
togwɑŋ,to carry on shoulder
togwɑt,to carry on shoulder
togwɑmuŋg,to carry on shoulder
togwɑmwɑ,to carry on shoulder
togwɑmind,to carry on shoulder
togwɑgɔm,to carry on shoulder
togwɑgɔŋ,to carry on shoulder
togwɑge,to carry on shoulder
togwɑgɔŋg,to carry on shoulder
togwɑgɑmɑ,to carry on shoulder
togwɑgɔnd,to carry on shoulder
togwɑnim,to carry on shoulder
togwo,to carry on shoulder
togwiŋ,to carry on shoulder
togwug,to carry on shoulder
tugwogɑs,to carry on shoulder
togwes,to carry on shoulder
tugwɑniŋ ig,to carry on shoulder
tugwɑmɑ ig,to carry on shoulder
tuguβ,to carry on shoulder
ʔɔsɔm,to stand
ʔɔsɔŋ,to stand
ʔɔsɔt,to stand
ʔɔsɔmuŋg,to stand
ʔɔsɔmwɑ,to stand
ʔɔsɛmind,to stand
ʔɔsɔgɔm,to stand
ʔɔsɔgɔŋ,to stand
ʔɛsɛge,to stand
ʔɔsɔgɔŋg,to stand
ʔɑsɑgɑmɑ,to stand
ʔɔsɔgɔnd,to stand
ʔɛsinim,to stand
ʔɛse,to stand
ʔɛsiŋ,to stand
ʔɔsug,to stand
ʔɔsɑs,to stand
ʔɛsis,to stand
ʔɛsniŋg ig,to stand
ʔoswɑ ig,to stand
ʔɔsɔβ,to stand
pɑliβɔm,to untie/ to dig up
pɑliβɔŋ,to untie/ to dig up
pɑliβɔt,to untie/ to dig up
pɑliβomuŋg,to untie/ to dig up
pɑliβomwɑ,to untie/ to dig up
pɑliβɛmind,to untie/ to dig up
pɑliβigɔm,to untie/ to dig up
pɑliβigɔŋ,to untie/ to dig up
pɑliβige,to untie/ to dig up
pɑliβigɔŋg,to untie/ to dig up
pɑliβigimɑ,to untie/ to dig up
pɑliβigɔnd,to untie/ to dig up
pɑliβinim,to untie/ to dig up
pɑliβe,to untie/ to dig up
pɑliβiŋ,to untie/ to dig up
pɑliβug,to untie/ to dig up
pɑliβɑs,to untie/ to dig up
pɑliβis,to untie/ to dig up
pɑliβiniŋ ig,to untie/ to dig up
pɑliβiwɑ ig,to untie/ to dig up
pɑliβ,to untie/ to dig up
pɑgɑtɔm,to unravel
pɑgɑtɔŋ,to unravel
pɑgɑtɔt,to unravel
pɑgɑtomuŋg,to unravel
pɑgɑtomwɑ,to unravel
pɑgɑtɛmind,to unravel
pɑgɑtɑgɔm,to unravel
pɑgɑtɑgɔŋ,to unravel
pɑgɑtɑge,to unravel
pɑgɑtgɔŋg,to unravel
pɑgɑtɑgɑmɑ,to unravel
pɑgɑtɑgɔnd,to unravel
pɑgɑtinim,to unravel
pɑgɑte,to unravel
pɑgɑtiŋ,to unravel
pɑgɑtug,to unravel
pɑgɑtɑs,to unravel
pɑgɑtis,to unravel
pɑgɑtɑniŋ ig,to unravel
pɑgɑtɑwɑ ig,to unravel
pɑgɑtɑβ,to unravel
mɑndɔm,to walk around
mɑndɔŋ,to walk around
mɑndɔt,to walk around
mɑndomuŋg,to walk around
mɑndomwɑ,to walk around
mɑndɛmind,to walk around
mɑndogɔm,to walk around
mɑndogɔŋ,to walk around
mɑndoge,to walk around
mɑndɔŋg,to walk around
mɑndɑgɑmɑ,to walk around
mɑndogɔnd,to walk around
mɑndinim,to walk around
mɑnde,to walk around
mɑndin,to walk around
mɑndug,to walk around
mɑndɑs,to walk around
mɑndis,to walk around
mɑndiniŋ ig,to walk around
mɑndowɑ ig,to walk around
mɑndɛb,to walk around
ɔmbɔm,to prepare food
ɔmbɔŋ,to prepare food
ɔmbɔt,to prepare food
ɔmbomuŋg,to prepare food
ɔmbomwɑ,to prepare food
ɔmbɛmind,to prepare food
ɔmbogɔm,to prepare food
ɔmbogɔŋ,to prepare food
ɛmbɛge,to prepare food
ɔmbɔŋg,to prepare food
ɔmbogɔmɑ,to prepare food
ɔmbogɔnd,to prepare food
ɛmbinim,to prepare food
ombe,to prepare food
ɛmbiŋ,to prepare food
ombug,to prepare food
ombɑs,to prepare food
ɛmbis,to prepare food
ɛmbiniŋ ig,to prepare food
ɛmbiwɑ ig,to prepare food
ɔmb,to prepare food
undum,to shovel
unduŋ,to shovel
undut,to shovel
undumuŋg,to shovel
undumwɑ,to shovel
undumind,to shovel
undugum,to shovel
unduguŋ,to shovel
unduge,to shovel
unduŋg,to shovel
undugumɑ,to shovel
undugund,to shovel
undinim,to shovel
unde,to shovel
undiŋ,to shovel
undug,to shovel
undɑs,to shovel
undis,to shovel
undiniŋ ig,to shovel
undiwɑ ig,to shovel
unduβ,to shovel
oŋgutomum,to carry at your side
oŋgoromuŋ,to carry at your side
oŋgoromut,to carry at your side
oŋgoromomuŋg,to carry at your side
oŋgoromomwɑ,to carry at your side
oŋgoromɛmind,to carry at your side
oŋgorogum,to carry at your side
oŋgorogɔŋ,to carry at your side
oŋgoroge,to carry at your side
oŋgoromuŋg,to carry at your side
oŋgorogɔmɑ,to carry at your side
oŋgorogɔnd,to carry at your side
oŋgoluminim,to carry at your side
oŋgolume,to carry at your side
oŋgolumiŋ,to carry at your side
oŋgolomug,to carry at your side
oŋgoromɑs,to carry at your side
oŋgolomis,to carry at your side
oŋgorominiŋ ig,to carry at your side
oŋgorowɑ ig,to carry at your side
oŋgorub,to carry at your side
lɔmotɔm,to pierce
lɔmotɔŋ,to pierce
lɔmotɔt,to pierce
lɔmotomuŋg,to pierce
lɔmotomwɑ,to pierce
lɔmotɛmind,to pierce
lɔmɔtogɔm,to pierce
lɔmɔtogɔŋ,to pierce
lɔmɔtoge,to pierce
lɔmɔtɔŋg,to pierce
lɔmɔtogɔmɑ,to pierce
lɔmɔtogɔnd,to pierce
lɔmɛtinim,to pierce
lɔmɛte,to pierce
lɔmɛtiŋ,to pierce
lɔmɔtug,to pierce
lɔmɑtɑs,to pierce
lɔmɛtis,to pierce
lɔmɛtiniŋ ig,to pierce
lɔmɔtiwɑ ig,to pierce
lɔmɔtɔβ,to pierce
ɑsɔm,to jab
ɑsɔŋ,to jab
ɑsɔt,to jab
ɑsomuŋg,to jab
ɑsomwɑ,to jab
ɑsɛmind,to jab
ɑsogɔm,to jab
ɑsogɔŋ,to jab
ɑsege,to jab
ɑsɔŋg,to jab
ɑsɑgɑmɑ,to jab
ɑsogɔnd,to jab
ɑsinim,to jab
ɑse,to jab
ɑsiŋ,to jab
ɑsug,to jab
ɑsɑs,to jab
ɑsis,to jab
ɑsɔβ,to jab
pɑgɑβigɔm,to break in half
pɑgɑβigɔŋ,to break in half
pɑgɑβigɔt,to break in half
pɑgɑβigomuŋg,to break in half
pɑgɑβigomwɑ,to break in half
pɑgɑβigɛmind,to break in half
pɑgɑβigɔm,to break in half
pɑgɑβigɔŋ,to break in half
pɑgɑβige,to break in half
pɑgɑβigɔŋg,to break in half
pɑgɑβigimɑ,to break in half
pɑgɑβigɔnd,to break in half
pɑgɑβiginim,to break in half
pɑgɑβigu,to break in half
pɑgɑβigiŋ,to break in half
pɑgɑβigug,to break in half
pɑgɑβigwɑs,to break in half
pɑgɑβigis,to break in half
pɑgɑβiginiŋ ig,to break in half
pɑgɑβigiwɑ ig,to break in half
pɑgɑβ,to break in half
mɔŋgɔromɔm,to search for something
mɔŋgɔromɔŋ,to search for something
mɔŋgɔromɔt,to search for something
mɔŋgɔromuŋg,to search for something
mɔŋgɔromwɑ,to search for something
mɔŋgɔromɛmind,to search for something
mɔŋgɔrogɔm,to search for something
mɔŋgɔrogɔŋ,to search for something
mɔŋgɔroge,to search for something
mɔŋgɔrogɔŋg,to search for something
mɔŋgɔrogɔmɑ,to search for something
mɔŋgɔrogɔnd,to search for something
mɛŋgɛrɛminim,to search for something
mɛŋgɛrɛme,to search for something
mɛŋgɛrɛmiŋ,to search for something
mɔŋgɔromug,to search for something
mɔŋgɔromɑs,to search for something
mɔŋgɔromis,to search for something
mɛŋgɛrɛminiŋ ig,to search for something
mɔŋgɔrowɑ ig,to search for something
mɔŋgɔroβ,to search for something
sɛβigɔm,to take one thing from a bag
sɛβigɔŋ,to take one thing from a bag
sɛβigɔt,to take one thing from a bag
sɛβigomuŋg,to take one thing from a bag
sɛβigomwɑ,to take one thing from a bag
sɛβigɛmind,to take one thing from a bag
sɛβigɔm,to take one thing from a bag
sɛβigɔŋ,to take one thing from a bag
sɛβige,to take one thing from a bag
sɛβigɔŋg,to take one thing from a bag
sɛβigimɑ,to take one thing from a bag
sɛβigɔnd,to take one thing from a bag
sɛβiginim,to take one thing from a bag
sɛβigu,to take one thing from a bag
sɛβigiŋ,to take one thing from a bag
sɛβigug,to take one thing from a bag
sɛβigɑs,to take one thing from a bag
sɛβigis,to take one thing from a bag
sɛβiginiŋ ig,to take one thing from a bag
sɛβigwɑ ig,to take one thing from a bag
sɛβigɛβ,to take one thing from a bag
sɛmɛtɔm,to take everything from bag
sɛmɛtɔŋ,to take everything from bag
sɛmɛtɔt,to take everything from bag
sɛmɛtomuŋg,to take everything from bag
sɛmɛtomwɑ,to take everything from bag
sɛmɛtɛmind,to take everything from bag
sɛmɛtigɔm,to take everything from bag
sɛmɛtigɔŋ,to take everything from bag
sɛmɛtige,to take everything from bag
sɛmɛtɔŋg,to take everything from bag
sɛmɛtigɔmɑ,to take everything from bag
sɛmɛtigɔnd,to take everything from bag
sɛmɛtinim,to take everything from bag
sɛmɛte,to take everything from bag
sɛmɛtiŋ,to take everything from bag
sɛmɛtug,to take everything from bag
sɛmɛtɑs,to take everything from bag
sɛmɛtis,to take everything from bag
sɛmɛtiniŋ ig,to take everything from bag
sɛmɛtiwɑ ig,to take everything from bag
sɛmɛtɛβ,to take everything from bag
nɛlɛβ,to work
tɔrɔβ,to throw
lɛβ,to come down
pigɛβ,to put
nɛmb,to eat
ʔɔlɔm,to become
ʔɔlɔŋ,to become
ʔɔlɔt,to become
ʔɔlomuŋg,to become
ʔɔlomwɑ,to become
ʔɔlɛmind,to become
ʔɑgɑm,to become
ʔɔgɔŋ,to become
ʔɑgɑ,to become
ʔɑŋg,to become
ʔɑgɑmɑ,to become
ʔɑgɑnd,to become
ʔɛnim,to become
ʔɛle,to become
ʔɑŋ,to become
ʔɔlug,to become
ʔɛlɑs,to become
ʔɔlis,to become
ʔɛniŋ ig,to become
ʔɔlwɑ ig,to become
utum,to give to 3rd person
utuŋ,to give to 3rd person
utut,to give to 3rd person
utumuŋg,to give to 3rd person
utumwɑ,to give to 3rd person
utumind,to give to 3rd person
utugum,to give to 3rd person
utugɔŋ,to give to 3rd person
utuge,to give to 3rd person
utuŋg,to give to 3rd person
utugumɑ,to give to 3rd person
utugund,to give to 3rd person
utinim,to give to 3rd person
ute,to give to 3rd person
utiŋ,to give to 3rd person
utug,to give to 3rd person
utɑs,to give to 3rd person
utis,to give to 3rd person
utiniŋ ig,to give to 3rd person
utuwɑ ig,to give to 3rd person
sindɔm,to sow up
sindɔŋ,to sow up
sindɔt,to sow up
sindomuŋg,to sow up
sindomwɑ,to sow up
sindɛmind,to sow up
sindigɔm,to sow up
sindigɔŋ,to sow up
sindige,to sow up
sindɔŋg,to sow up
sindigimɑ,to sow up
sindigɔnd,to sow up
sindinim,to sow up
sinde,to sow up
sindiŋ,to sow up
sindug,to sow up
sindɑs,to sow up
sindis,to sow up
sindiniŋ ig,to sow up
sindiwɑ ig,to sow up
sindɛβ,to sow up
ɛlimɔm,sharpen point
ɛlimɔŋ,sharpen point
ɛlimɔt,sharpen point
ɛlimomuŋg,sharpen point
ɛlimomwɑ,sharpen point
ɛlimɛmind,sharpen point
ɛliŋgɔm,sharpen point
ɛliŋgɔŋ,sharpen point
ɛliŋge,sharpen point
ɛlimɔŋg,sharpen point
ɛliŋgimɑ,sharpen point
ɛliŋgɔnd,sharpen point
ɛliminim,sharpen point
ɛlime,sharpen point
ɛlimiŋ,sharpen point
ɛlimug,sharpen point
ɛlimɑs,sharpen point
ɛlimis,sharpen point
ɛliminiŋ ig,sharpen point
ɛlimwɑ ig,sharpen point
ɛlimβ,sharpen point
semɔm,to hang up
semɔŋ,to hang up
semɔt,to hang up
semomuŋg,to hang up
semomwɑ,to hang up
semɛmind,to hang up
sɛŋgɔm,to hang up
sɛŋgɔŋ,to hang up
sɛŋge,to hang up
semɔŋg,to hang up
sɛŋgimɑ,to hang up
sɛŋgɔnd,to hang up
sɛminim,to hang up
sɛme,to hang up
sɛmiŋ,to hang up
sɛmug,to hang up
sɛmɑs,to hang up
sɛmis,to hang up
sɛminiŋ ig,to hang up
sɛmiwɑ ig,to hang up
sɛmβ,to hang up
nɛsɔm,to give to 2nd person
nɛsɔt,to give to 2nd person
nɛsomuŋg,to give to 2nd person
nɛsɛmind,to give to 2nd person
nɛsigɔm,to give to 2nd person
nɛsige,to give to 2nd person
nɛsɔŋg,to give to 2nd person
nɛsigɔnd,to give to 2nd person
nɛsinim,to give to 2nd person
nɛsiŋ,to give to 2nd person
nɔsug,to give to 2nd person
nɛsis,to give to 2nd person
ɛsɔŋ,to give to 1st person
ɛsɔt,to give to 1st person
ɛsomwɑ,to give to 1st person
ɛsɛmind,to give to 1st person
ɛsigɔŋ,to give to 1st person
ɛsige,to give to 1st person
ɛsigimɑ,to give to 1st person
ɛsigɔnd,to give to 1st person
ɛsi,to give to 1st person
ɛsiŋ,to give to 1st person
ɛsɑs,to give to 1st person
ɛsis,to give to 1st person
ɛsiniŋ ig,to give to 1st person
ɛsiwɑ ig,to give to 1st person
ɔsɔm,to give to plural
ɔsɔŋ,to give to plural
ɔsɔt,to give to plural
ɔsomuŋg,to give to plural
ɔsomwɑ,to give to plural
ɔsɛmind,to give to plural
ɔsigɔm,to give to plural
ɔsigɔŋ,to give to plural
ɔsige,to give to plural
ɔsigɔŋg,to give to plural
ɔsigimɑ,to give to plural
ɔsigɔnd,to give to plural
ɔsinim,to give to plural
ɔsi,to give to plural
ɔsiŋ,to give to plural
ɔsug,to give to plural
ɔsɑs,to give to plural
ɔsis,to give to plural
ɔsiniŋ ig,to give to plural
ɔsiwɑ ig,to give to plural
pɛndɛβigɔm,to sell
pɛndɛβigɔŋ,to sell
pɛndɛβigɔt,to sell
pɛndɛβigomuŋg,to sell
pɛndɛβigomwɑ,to sell
pɛndɛβigɛmind,to sell
pɛndɛβigɔm,to sell
pɛndɛβigɔŋ,to sell
pɛndɛβige,to sell
pɛndɛβigɔŋg,to sell
pɛndɛβigimɑ,to sell
pɛndɛβigɔnd,to sell
pɛndɛβiginim,to sell
pɛndɛβigu,to sell
pɛndɛβigiŋ,to sell
pɛndɛβigug,to sell
pɛndɛβigɑs,to sell
pɛndɛβigis,to sell
pɛndɛβiginiŋ ig,to sell
pɛndɛβigwɑ ig,to sell
pɛndɛβigɔβ,to sell
putugulɔm,to mark as reserved
putugulɔŋ,to mark as reserved
putugulɔt,to mark as reserved
putugulomuŋg,to mark as reserved
putugulomwɑ,to mark as reserved
putugulɛmind,to mark as reserved
putugugɑm,to mark as reserved
putugugɔŋ,to mark as reserved
putugugɑ,to mark as reserved
putugɑŋg,to mark as reserved
putugugɑmɑ,to mark as reserved
putugugɑnd,to mark as reserved
putugɛnim,to mark as reserved
putugule,to mark as reserved
putugɑŋ,to mark as reserved
putugolug,to mark as reserved
putugulɑs,to mark as reserved
putugɛlis,to mark as reserved
putugɛniŋ ig,to mark as reserved
putuguwɑ ig,to mark as reserved
tɛniŋ ig,to throw
tɛlwɑ ig,to throw